,phase,phase_dot,stride_length,ramp,jointangles_thigh_x,jointangles_shank_x,jointangles_foot_x,jointangles_thigh_dot_x,jointangles_shank_dot_x,jointangles_foot_dot_x,Subject,Test
0,0.019812737582383,0.08823271150282781,0.08334849856324963,2.7293798577864945,7.995583483133613,4.3603344089671525,4.3618063163914575,18.05566038311486,22.988231487852993,35.86592756670112,AB01,NSL
1,0.027989351641228264,0.10792619118353718,0.14334854724825555,3.3383256339840695,19.74207439304006,6.419715465301579,6.736554345420558,20.96296213640635,26.33938989518508,44.3235185209793,AB01,ISA
